lr,rl,lR,Lr,rL,Rl,lL,rR,ll,rr,l,r,L,R,Space,Enter,Backspace,cpm
0.216399972881,0.173220878013,0.756479999982,0.370822499739,0.397282000631,0.549416000023,0.200085999444,0.386785624898,0.152903540513,0.146008613069,0.132057616139,0.116522714329,0.12251244444,0.102700000256,0.0750510003418,0.09816677783,0.0526315789474,249.399002255
0.208767842134,0.15347455883,0.756479999982,0.113029999658,0.397282000631,0.205512999867,0.200085999444,0.386785624898,0.210697969817,0.202791545455,0.134685437476,0.118220105877,0.143048499711,0.0980943332737,0.108630500268,0.112085290283,0.0478260869565,230.960669357
0.150440170725,0.152334027093,0.792562000453,0.194389499957,0.397282000631,0.145153000019,0.198648999911,0.244203999639,0.185938833281,0.250578699959,0.13958105099,0.122103336799,0.112635428485,0.112076499965,0.0830009998754,0.109796880966,0.0197628458498,253.464329753
0.253239420929,0.253960642964,0.734521999955,0.194389499957,0.397282000631,0.181179999374,0.99575600028,0.529367250158,0.18556675018,0.245809090916,0.138642024362,0.113549540524,0.113828500034,0.0899013332091,0.0855324999429,0.107874357208,0.0454545454545,198.223056443
