lr,rl,lR,Lr,rL,Rl,lL,rR,ll,rr,l,r,L,R,Space,Enter,Backspace,cpm
0.144381170584,0.12500699982,,0.127798500005,,0.255219666908,0.676926999353,0.187510999851,0.0520779999594,0.109383999991,0.132823999971,0.113855428595,0.0851973332465,0.12500499934,0.0989574997996,0.102205000119,0.0128617363344,312.063314135
0.124997999985,0.07813099958,,0.140607999638,,0.255219666908,0.676926999353,0.187510999851,0.17187200021,0.140643500257,0.104272999987,0.113637400046,0.12500699982,0.12500499934,0.0781290000305,0.0859365002252,0.0128617363344,312.063314135
0.140858378261,0.122716833352,,0.16016624961,,0.255219666908,0.676926999353,0.187510999851,0.153739268301,0.142439705895,0.113131580334,0.113872440942,0.11562719997,0.125005000271,0.0989574997996,0.0924003409772,0.011320754717,265.203826823
0.166285146255,0.142689690548,,0.140619999729,,0.255219666908,0.676926999353,0.187510999851,0.147479781124,0.141505277819,0.116720079994,0.118386389501,0.12500699982,0.12500499934,0.1093814997,0.0902379000327,0.0165289256198,332.72504077
0.147903962906,0.157398696457,,0.17188399937,,0.255219666908,0.676926999353,0.187510999851,0.14573503999,0.177160656196,0.114054021519,0.115572009219,0.125005000271,0.130198333723,0.0989574997996,0.0917906000025,0.0128617363344,312.063314135
0.156265043552,0.162641255683,,0.15039312467,,0.255219666908,0.676926999353,0.187510999851,0.158772741895,0.157246324435,0.118392509856,0.116263060002,0.120316100121,0.109381000511,0.1015689997,0.0925504185779,0.00401606425703,287.091506885
0.137641700078,0.108750181696,,0.168003000319,,0.255219666908,0.676926999353,0.187510999851,0.145770785731,0.0780059999088,0.114157916642,0.11009026088,0.109052999876,0.124014500063,0.0959963332862,0.0988399412154,0.0659340659341,340.553482998
